"№ п/п","№ маршр.","Режим движения","Названия маршрута","Прямой путь","Обратный путь","Время нач. и оконч. работы маршрута","Кол-во
выездов
Раб.  (Вых.)","Кол-во оборотных
рейсов Раб. (Вых.)","Длина оборотн. рейса","Время оборотн.  рейса по паспорту"
1,2,"мт мк","ул. Ак. Королева – Промрынок 7км"," ул.Ак.Королева, ул.25-й Чап дивизии,  ул.И.Рабина, пл.Б. Деревянко, ул.Щорса, Ивановский путепровод, Овидиопольская дор, Промрынок 7км","Промрынок 7км, Овидиопольская, Ивановский путепровод, ул.Щорса, 
пл.Б. Деревянко, ул.И.Рабина, ул.25-й Чап. Дивизии, ул.Ак.Королева","05:00-16:30","2(2)","12(12)","26,4 км","90 мин"
2,3,"мт авт","Ж/Д вокзал – Промрынок 7 км","Ж/Д вокзал, ул.Пантелеймоновская, ул.Мечникова, ул.Б.Хмельницкого, ул.Степовая, ул.Мельницкая, Ивановский путепровод, Овидиопольская дор, Промрынок 7км","Промрынок 7км, Овидиопольская дорога, Ивановский путепровод, ул.Мельницкая, ул.Степовая, ул.Б.Хмельницкого, ул.Мечникова, ул.Пантелеймоновская, ул.Ришельевская, бул.Итальянский,    Привокзальная пл.","06:30-14:00","4(4)","8(8)","19,8 км","80 мин"
3,4,"мт мк","ВТЦ «Среднефонтанский» – Промрынок 7км","ул.Семинарская, пр.Шевченко, пр.Гагарина, ул.Сегедская, Фонтанская дор, пр.Адмиральский, Люстдорфская дор, пл.Толбухина, ул.Ак.Филатова, пл.Б.Деревянко, ул.Щорса, Овидиопольская дор, Промрынок 7 км","Промрынок 7 км, Овидиопольская дорога, ул.Щорса, пл.Б.Деревянко,  ул.Ак.Филатова, пл.Толбухина,  Люстдорфская дор, пр.Адмиральский, Фонтанская дорога, ул.Сегедская, пр.Гагарина,  пр.Шевченко, ул.Семинарская","05:00-15:30","18(20)","72(80)","29,3 км","100 мин"
4,6,"мт мк","ул. Заболотного – Промрынок  7км","ул.Ак.Заболотного, Окружная дорога, Овидиопольская дорога, Промрынок 7км","Промрынок 7км, Овидиопольская дорога, Окружная дорога, ул.Заболотного","05:00-15:40","15(15)
в птн. 3","60/60
12","54,3 км","120 мин"
5,7,"мт мк","ул. Архитекторская – Промрынок 7км","ул. Архитекторская, ул.Ак.Королева, ул.Ак. Вильямса, Люстдорфская дорога, 
ул. Малиновского, ул.Кордонная, Ивановский путепровод, Овидиопольская дор., Промрынок 7 км","Промрынок 7 км, Овидиопольская дорога,  Ивановский путепровод, ул. Кордонная,  ул.И.Рабина, ул.Малиновского, Люстдорфская дорога, ул.Вильямса, ул.Ак.Королева, ул.Архитекторская","05:30-14:30","14(14)","56(56)","32,1 км","95 мин"
6,8,"мт мк","пл. Тираспольская – Промрынок 7км","пл. Тираспольская, ул. Тираспольская,
 ул. Колонтаевская, Автовокзал, 
ул. М.Грушевского, ул.Балковская, ул.Бугаевская, ул.Дальницкая, ул.Столбовая, Тираспольское шоссе, ул.Нескучная, ул.Магистральная, ул. Ангарская, Овидиопольская дор., 
Промрынок 7 км","Промрынок 7 км, Овидиопольская дор., 
ул. Ангарская, ул.Магистральная, ул.Нескучная, Тираспольское шоссе, ул.Столбовая, ул.Дальницкая, ул.Бугаевская,  Автовокзал,
ул. Колонтаевская, 
ул. Тираспольская, пл. Тираспольская","05:30-20.00","6 (8)","24 (32)","29,1 км","71 мин"
7,9,"мт  мк","пр-т Александровский-
ул.25-й Чапаевской дивизии","пр-т Александровский,  ул. Бунина, ул.Екатерининская, ул.Греческая. ул.Канатная, ул.Пироговская, пр.Шевченко, ул.Черняховского, пр.Адмиральский, ул.Космонавтов, 
25-й Чапаевской дивизии","25-й Чапаевской дивизии, ул.Космонавтов, пр.Адмиральский, ул.Черняховского, пр.Шевченко, ул.Пироговская, ул.Мариинская, бул.Итальянский, ул.Канатная, ул.Греческая, 
ул. Ришельевская, ул.Жуковского, пр.Александровский","06:30-00:30","24 (20)","192 (160)","23.3 км","70 мин"
8,11,"мт мк","ул. Ильфа и Петрова 
- Промрынок 7 км","ул.И. и Петрова, ул.Архитекторская, ул.Ак.Королёва, ул.25-й Чап. дивизии, 
ул. Гайдара, ул. Ген.Петрова, ул.Радостная, ул.Платановая, ул. 7-я Степная, ул.Гастелло, дорога на Аэропорт, Овидиопольская дор., промрынок 7 км","промрынок 7 км, Овидиопольская дор., дорога на Аэропорт, ул. Гастелло, ул. 7-ая Степная, ул. Платановая, ул. Радостная, 
ул. Ген. Петрова, ул.Варненская, ул. 25й Чап. дивизии, ул. Ак. Королёва, ул.Архитекторская, ул. Ильфа и Петрова  ","05:00-15:30","15(15)","60(60)","32,1 км","105 мин",
9,16,"мт мк","ул. Ген.Бочарова,71-Промрынок 7км","ул.Ген.Бочарова, Днепропетровская дорога, Южная дор., Николаевская дорога, ул.Атамана Головатого, ул.Балковская, ул.Бугаевская, ул.Дальницкая, ул.В.Стуса, Ивановский путепровод, Овидиопольская дор, Промрынок 7км","Промрынок 7км, Овидиопольская дорога, ул.В.Стуса, ул.Дальницкая, ул.Бугаевская, ул.Балковская, ул.Черноморского казачества, Николаевская дорога, Южная дор., Днепропетровская дорога, ул.Заболотного, пр.Добровольского, ул.Ген.Бочарова","05:00-18:10","13(13)","52(52)","52,6 км","135 мин"
10,18,"мт мк","7-я ст.Люстдорфской дороги – 
Промрынок 7км","7-я ст.Люстдорфской дороги, 
пр-т Ак. Глушко, ул.Ильфа и Петрова, ул. Левитана,  пр.М.Жукова, ул.Комарова, ул.Ген.Петрова, ул.Варненская, ул.Терешковой,  ул.Гайдара, ул.Малиновского, ул. Кордонная, Овидиопольская дор, Промрынок 7км","Промрынок 7 км, Овидиопольская дор, Ивановский пут-вод, ул.Кордонная, ул.Малиновского, ул.Гайдара, ул.Терешковой, ул.Космонавтов, ул.25-й Чап. Дивизии, ул.М.Жукова, ул. Левитана, ул. И. и Петрова, пр-т. Ак. Глушко, 
7-я ст.Люстдорфской дороги ","05:00-14:20","10(10)","40(40)","34,7 км","90 мин"
11,23,"мт мк","ул. Ядова – Промрынок 7км","ул.С.Ядова, ул.Ак.Воробъева, ул.Краснослободская, ул.Балковская, ул.Мельницкая, Ивановский путепровод, Овидиопольская дор, Промрынок 7км","Промрынок 7км, Овидиопольская дор, Ивановский путепровод, ул.В.Стуса, ул.Строганова, ул.Желябова, ул.Балковская, ул.Краснослободская, ул.Ширшова, ул.Слободская, ул.Ак.Воробъева, ул.С.Ядова","03:30-15:25","7 (7)","35 (35)","27,3 км","90 мин"
12,"100а","мт мк","ул. Высоцкого  – 
Ж/Д вокзал","ул.Высоцкого, ул. Ген.Бочарова, Днепропетровская доророга,  Южная дор., Николаевская дор, ул.Ат.Головатого, ул.Приморская, сп.Польский, ул.Польская, ул.Еврейская, ул.Осипова, ул.М.Арнаутская, ул.Гимназическая, бул.Итальянский 
(Ж/д вокзал)","бул.Итальянский (Ж/д вокзал), 
ул. Л.Шмидта,  ул. М.Арнаутская, ул.Осипова, ул.Еврейская, ул.Польская,  сп.Польский, ул.Приморская, ул.Черноморского казачества, Николаевская дор, Днепропетровская дорога, ул.Ген.Бочарова, ул. Высоцкого","05:30-24:00","5(-)","50(-)","37,8 км","100 мин"
13,104,"об мк","ул. Марсельская – пос. Шевченко","ул.Марсельская, пр.Добровольского, ул.Заболотного, ул.Луцкая, ул.Центральная","ул.Центральная, ул.Луцкая, ул.Заболотного, пр.Добровольского, ул.Паустовского, Днепропетровская дорога, ул.Марсельская","06:00-18:00","1(1)","3(3)","15,1 км","60 мин"
14,"105а","мт мк","ул. Холмистая – ул. 7-я Пересыпская","ул. Холмистая, ул. Главная,
 Балтская дор., ул. Долинская, ул. 7-я Пересыпская","ул. 7-я Пересыпская, ул. Долинская, Балтская дорога, ул.Главная, ул. Холмистая","06:30–21:00","2(2)","60(60)","7,0 км","20 мин"
15,105,"об мк","п. Жеваховский 
  (ул. Холмистая) – рынок «Привоз» 
(ул.Преображенская)","ул. Холмистая, ул. Главная, Балтская дор., ул. 7-я Пересыпская, ул.Ат.Головатого, сп.Херсонский, ул.Пастера, ул.Ольгиевская, ул.Нежинская, пл.Тираспольская,  ул.Преображенская, ул. Преображенская, 94 (рынок ""Привоз"", конечная остановка автобусного маршрута № 111)","ул. Преображенская, 94 (рынок ""Привоз"", конечная остановка автобусного маршрута 
№ 111), ул.Преображенская,  пл. Тираспольская, ул. Нежинская, ул.Торговая, ул. Пастера, ул. Конная, ул.Софиевская,
 сп. Маринеско, ул.Черноморского казачества, ул. 7-я Пересыпская, Балтская дорога, ул.Главная, ул. Холмистая","06:45-18:30","1 (-)","4(-)","22,6 км","70 мин"
16,"108а","мт авт","ул. И. Рабина – 
ул. Пишоновская","ул. И. Рабина, ул. Ген. Петрова, ул.Космонавтов, Люстдорфская дорога, ул.Водопроводная, пл.Старосенная, б-р Итальянский, ул.Ришельевская, ул.Новощепной ряд, ул.Екатерининская, ул.Жуковского, пл.Тираспольская, 
ул. Тираспольская, ул. Новосельского 
ул. Торговая, ул. Старопортофранковская, 
ул. Пишоновская, ул. Дюковская, 
ул. Композитора Нищинского","ул. Композитора Нищинского,
ул. Дюковская, ул. Пишоновская,
ул. Стаоропортофранковская, ул.Торговая, ул.Новосельского, ул. Троицкая, ул.Екатерининская, ул.Новощепной ряд, ул.Водопроводная, Люстдорфская дорога, 
ул. Космонавтов, ул. Генерала Петрова, ул.И.Рабина","06:30-21:00","5(5)","40(40)","22,5 км","75 мин"
17,110,"об мк","Сан. Куяльник – ЦПУ вокзал","сан.Куяльник, ул.Лиманная, Николаевская дорога, ул.Атамана Головатого, ул.Приморская, сп.Польский, ул.Польская, ул.Еврейская, ул.Осипова, ул.М.Арнаутская, ул.Гимназическая, ул.Пантелеймоновская, 62 (Ж/д вокзал)","ул.Пантелймоновская, 62,
 ул. Ришельевская, Итальянский бульвар, 
ул. Пушкинская,  ул. М. Арнаутская, ул.Осипова, ул. Еврейская, ул.Польская, сп.Польский, ул.Приморская, ул.Черноморского казачества, ул.Николаевская дорога, ул. Лиманная, сан.Куяльник","08:00-17:20","1 (1)","2 (2)","26 км","90 мин"
18,111,"мт мк","пос. Усатово 1- Рынок «Привоз»","Усатово 1(ул. Гагагрина),ул. Ленина, 
ул. Тепличная, Тепличный комбинат, 
ул. Ленина,  ул.Хуторская,  ул.Известковая, Ширяевский пер., 
ул. Одария,  Херсонский спуск, ул.Пастера, ул. Преображенская 
 (р-к Привоз)","ул. Преображенская  (р-к Привоз),  
ул. Нежинская, ул. Ольгиевская, ул.Старопортофранковская, сп.Ольгиевский, сп. Крансослободской, 
 ул. Известковая, ул. Хуторская, ул.Ленина, Тепличный к-т, ул.Тепличная, ул. Ленина, Усатово 1(ул.Гагарина).","06:00-19:00","10 (7)","60 (42)","27,2 км","80 мин"
19,112,"об авт","Тепличный к-т – Тираспольская пл.","Тепличный комбинат, дорога на кирпичный завод, 
 ул. Хуторская, ул.Известковая, 1-ый Известковы пер., Краснослободской спуск, ул. Балковская, Херсонский сквер, ул.Пастера, ул.Конная, ул.Нежинская, пл.Тираспольская. ","пл.Тираспольская, ул.Нежинская,  ул.Ольгиевская, ул.Старопортофранковская сп.Ольгиевский, сп. Краснослободской,  ул.Известковая, ул. Хуторская, дорога на кирпичный  з-д, Тепличный к-т.","06:50-18:35","1 (1)","4 (4)","18,6 км","64 мин"
20,115,"мт авт","Сахарный пос.-
 пл. 10 апреля","ул. Пестеля, ул. Грушевского, ул.Балковская, ул. Средняя, ул.Косвенная, ул.Степовая, ул.Б.Хмельницкого, ул.Пантелеймоновская, ул.Ришельевская, б-р Итальянский, ул.Среднефонтанская, ул.Семинарская, пр-т Шевченко, 
пл. Десятого апреля, ул. Генуэзская, 
ул. Посмитного, ул. Тенистая, 
ул. Черняховского, пл. Десятого апреля. ","пл. Десятого Апреля, просп. Шевченко,
 ул. Пироговская, ул. Марьиинская, Итальянский бульвар, ул. Белинского, ул.Пантелеймоновская, ул. Мечникова, ул.Б.Хмельницкого, ул. Степовая, ул.Косвенная, ул.Колонтаевская, Автовокзал, ул. М. Грушевского, ул.Пестеля","06:30-17:35","8(2)","48(16)","24,9 км","70 мин"
21,"115к","мт авт","Ж/М Бугаевский – пл. 10 апреля","ул.Бугаёвская, ул. Грушевского,
 ул. Балковская, ул.Средняя, ул.Косвенная, ул.Степовая, ул.Б.Хмельницкого, ул.Мечникова, ул.Пантелеймоновская, ул.Ришельевская, бульвар Итальянский, ул.Среднефонтанская, ул.Семинарская, проспект Шевченко, пл. Десятого апреля, 
ул. Генуэзская, ул. Посмитного, ул. Тенистая, ул. Черняховского, 
пл. Десятого апреля ","Пл. Десятого апреля, пр. Шевченко, 
ул. Пироговская, ул. Марьиинская, Итальянский бульвар, ул. Белинского, ул.Пантелеймоновская, ул.Мечникова, ул.Б.Хмельницкого, ул. Степовая, ул.Косвенная, ул.Колонтаевская, Автовокзал, ул. Грушевского, ул.Балковская, ул.Бугаевская. ","07:00-18:40","1(1)","8(8)","23,2 км","67 мин"
22,117,"мт мк","Аэропорт Центральный – 
ул. Ак. Воробьёва"," Аэропорт, ул. Центральный аэропорт, Овидиопольская дор., ул. Щорса,
ул. Центральный аэропорт, 
ул. Кострова, ул. Платановая. 
ул. Радостная, пл.Б.Деревянко, ул.Ак.Филатова, ул. Космонавтов, Люстдорфская дор, ул. Водопроводная, пл.Старосенная, б-р. Итальянский, ул.Ришельевская, ул.Новощепной ряд, ул.Екатерининская, ул.Ланжероновская, ул.Гаванная, пер.Маяковского, ул.Софиевская, ул.Конная,  ул. Пастера,
 ул. Старопортофранковская,
 сп. Ольгиевский, 
ул. Краснослободская, 
ул. Ширшова, ул. Слободская, 
ул. Бадаева, ул. Неждановой, 
ул. Кладбищенская, ул. Ак. Воробьёва","ул. Ак. Воробьёва, ул. Кладбищенская, 
ул. Бадаева, ул. Слободская, ул. Яши Гордиенко, ул. Краснолободская, ул. Балковская, Херсонский сп., ул. Пастера, ул.Преображенская, ул. Бунина, ул.Екатерининская, Новощепной ряд, ул.Водопроводная, Люстдорфская дорога, ул.Космонавтов, ул. Ак. Филатова, пл.Б.Деревянко, ул. Радостная,
 ул. Полтавская, ул. Кострова, 
ул. Центральный аэропорт, ул. Щорса, Овидиопольская дор., 
ул. Центральный аэропорт, Аэропорт.","06:30-20:30","22 (16)","154 (112)","37,5 км","80 мин"
23,120,"мт мк","Ул. Паустовского – Ж/Д вокзал","Ул. Паустовского, Днепропетровская дор., Южная дор., Николаевская дорога, ул.Ат.Головатого,  ул.Приморская, сп.Польский, ул.Польская, ул.Еврейская,  ул.Осипова, ул.М.Арнаутская, ул.Гимназическая, б-р Итальянский
(ж/д вокзал)","Б-р Итальянский, (ж/д вокзал), ул.Л.Шмидта,  ул.М.Арнаутская, ул.Осипова, ул.Еврейская, ул.Польская, сп.Польский, ул.Приморская, ул.Черноморского казачества, Николаевская дорога, Южня дор, Днепропетровская дор., 
ул. Паустовского","05:30-23:40","13(13)","91(91)","44,0 км","96 мин"
,,"мт авт",,,,"05:35-23:40","1(-)","4(-)","44,0 км","112 мин"
24,121,"мт мк","Пр-т М. Жукова 
(ТЦ Метро) 
– ул. Ак. Сахарова","
просп. М. Жукова, ул. 25 Чапаевской див., ул.И.Рабина, пл.Б.Деревянко, ул.Рекордная, ул.Бреуса, ул.Скворцова, ул.Шота Руставели, ул.Авиационная,
ул. Косовская, ул.Чернышевского, ул.Водопроводная, пл.Старосенная, бул.Итальянский, ул.Новощепной ряд, ул.Екатерининская, ул. Б.Арнаутская,  ул.Преображенская, ул. Софиевская, спуск Маринеско, ул. Черноморского казачества, ул. Николаевсая дорога,
ул. Южная дорога, ул. Днепропетровская дорога, ул. Ак. Заболотного, 
ул. Ак. Сахарова
","ул. Ак. Сахарвоа, ул. Заболотного, 
ул. Днепропетровская дорога, ул. Южная дорога, ул. Николаевская дорога, 
ул. Ат.Головатого, 
ул. Старопортофранковская, ул. Пастера, ул.Преображенская, ул. М.Арнаутская, ул.Пантелеймоновская, ул.Екатерининская, ул.Новощепной ряд,  ул.Водопроводная, ул.Чернышевского, ул.Авиационная, 
ул.И. и Ю. Липы, ул.Рекордная,  пл.Б.Деревянко, ул.И.Рабина, ул. 25 Чапаевской див., просп. М. Жукова","06:00-22:00","40 (30)","160 (120)","63,3 км","192 мин"
,,"об мк",,,,"06.05-19.00","2(-)","6(-)","63,3 км","200 мин"
25,124,"об мк","ул. Ильфа и Петрова –
пос. Сахарный","ул.Ильфа и Петрова, ул.Ак.Вильямса, Люстдорфская дорога, пл.Толбухина, ул.Краснова, ул.Среднефонтанская, 
ул. Пушкинская, ул. Б. Арнаутская, ул.Екатерининская, ул.Успенская, ул.Дегтярная,  пл.Л.Толстого, 
ул. Дегтярная, ул. Тираспольская, 
ул. Колонтаевская, Центральный автовокзал, ул. М.Грушевского, 
ул. Пестеля (Сахарный пос.)","ул. Пестеля (Сахарный пос.), 
ул. М.Грушевского,  ул. Разумовского, 
ул. Косвенная, ул. Колонтаевская, Центральный автовокзал, 
ул. Колонтаевская, ул. Тираспольская, 
ул. Дегтярная, пл.Л.Толстого, ул.Л.Толстого, ул. Бунина, 
ул. Екатериниская, ул. М Арнаутская, ул.Ришельевская, бул.Итальянский, ул.Среднефонтанская, ул.Краснова, пл.Толбухина, Люстдорфская дорога, ул.Ак.Вильямса, ул.Ильфа и Петрова","07:00-21:00","3(1)","12(4)","33,0 км","83 мин"
,124,"мт мк",,,,"06:30-23:30","20(20)","200(200)","33,0 км","79 мин"
26,126,"об авт","пл. Тираспольская-Сельхозтехника","пл.Тираспольская, ул.Нежинская,  ул.Ольгиевская, сп.Ольгиевский, сп.Краснослободской, ул.Краснослободская, ул.Ширшова, ул.Слободская, ул.Ак.Воробьева,  ул.М.Грушевского, Ленинградское шоссе, Сельхозтехника","Сельхозтехника, Ленинградское шоссе, ул.М.Грушевского,  ул.Ак.Воробъева, ул.Краснослободская, сп.Краснослободской, сп.Скидановский, ул. Манежная, ул. Ольгиевская, ул.Нежинская, пл.Тираспольская","07:30-17:40","1 (1)","6 (6)","18,9 км","70 мин"
27,127,"об мк","Инфекц. больница -Мемориал 411 батареи","ул.Пастера, ул.Ольгиевская, ул.Старопортофранковская, ул.М.Арнаутская, ул.Екатерининская, ул.Пантелеймоновская, ул.Ришельевская, бул.Итальянский, ул.Среднефонтанская, ул. Пироговская, ул.Канатная, 
ул. Сегедская, Фонтанская дорога, ул.Чубаевская,  ул.Д.Донского, Люстдорфская дорога, ул.Долгая, ул.Дача Ковалевского, Мемориал 411 батареи.","Мемориал 411 батареи, ул. Дача Ковалевского, ул.Долгая, Люстдорфская дорога, ул.Дмитрия Донского, ул.Чубаевская, Фонтанская дорога, ул.Сегедская, пр.Гагарина, пр.Шевченко, ул.Пироговская, ул.Мариинская, бул.Итальянский, ул. Пантелеймоновская, ул.Екатерининская, ул.Б.Арнаутская, 
ул. Старопортофранковская, ул.Торговая,  ул.Пастера","06:50-17:00","2 (-)","8 (-)","40,6 км","118 мин"
,,"мт мк",,,,"06:00-22:00","25(25)","125(125)",,"104 мин"
,,"мт авт",,,,"06:05-22:00","1(-)","4(-)",,"108 мин"
28,128,"об авт","пл. Старосенная (ЦПУ «Вокзал») –                  пос. Ленинский 
(ул. Крайняя)","Старосенной проезд (Ж/д вокзал), пл.Старосенная, бул.Итальянский, ул.Пушкинская,  ул.Б.Арнаутская, ул.Мечникова, ул.Б.Хмельницкого, ул.Степовая, ул.Мельницкая, ул.В.Стуса, ул.Столбовая, Дальницкое шоссе, Тираспольское шоссе, ул. Ангарская,               ул. Магистральная, ул. Крайняя, 
ул. Крайняя угол ул. Южной","ул. Крайняя угол ул. Южной,
 ул. Крайняя, ул. Магистральная,
 ул. Нескучная, ул.Тираспольское шоссе, Дальницкое шоссе, ул.Столбовая, ул.В.Стуса, ул.Мельницкая, ул.Степовая, ул.Б.Хмельницкого, ул.М.Арнаутская, ул.Ришельевская, ул.Водопроводная, Старосенной проезд (ЖДВ)","05:35-20:00","4 (2)","16(8)","35,4 км","120 мин"
,128,"мт мк",,,,"05:40-21:45","4(4)","28(28)",,"101 мин"
29,129,"мт мк","Аэропорт – рынок «Привоз»","Аэропорт, ул. Центральный Аэропорт, 
ул. Гастелло, ул. Щорса, Ивановский путепровод, ул. Кордонная, 
ул. Малиновского, ул. Спартаковская, 
ул. Щорса, пл. Б.Деревянко, ул. Рекордная, ул. Малиновского, пр-т Адмиральский, ул. Черняховского, 
ул. Генуэзская, Аркадия, 
ул. Генуэзская, пл. 10-го Апреля, 
пр-т Шевченко, ул. Пироговская, 
ул. Мариинская, ул. Итальянский бульвар, ул. Л.Шмидта, 
ул. Пантелеймоновская, 
ул. Водопроводная, 
ул. Новощепной ряд, ул. Преображенская","ул. Преображенская, 
ул. Пантелеймоновская, 
ул. Водопроводная, ул. Итальянский бульвар, ул. Среднефонтанская, 
ул. Пироговская, пр-т Шевченко, пл. 10-го Арпеля, ул. Генуэзская, Аркадия, 
ул. Генуэзская,  ул. Черняховского, 
пр-т Адмиральский, ул. Малиновского, 
ул. Рекордная, пл. Б.Деревянко, ул. Щорса, 
ул. Спартаковская, ул. Малиновского, 
ул. Кордонная, Ивановский путепровод, 
ул. Щорса, ул. Гастелло,
 ул. Центральный Аэропорт, Аэропорт","07:00-19:00","2(2)","12(12)","34,2 км","60 мин"
,,"об мк",,,,,"1(-)","4(-)",,"70 мин"
30,130,"мт мк","Таврия-В Суворовский – 
ул. Жуковского","Таврия-В Суворовский (Старокиевское шоссе), ул.Паустовского, пр.Добровольского, Николаевская дорога, ул.Атамана Головатого, сп.Херсонский, ул.Пастера, ул.Преображенская, ул.Бунина, пр-т Александровский, ул.Жуковского","ул.Жуковского, ул.Преображенская,  ул.Софиевская, сп.Маринеско, ул.Черноморского казачества, Николаевская дорога, пр.Добровольского, ул.Паустовского, Старокиевское шоссе (Таврия-В Суворовский)","06:00-22:30","11(11)","77(77)","31,3 км","99 мин"
,130,"об авт",,,,"07:00-19:00","1 (-)","6 (-)","31,3 км","125 мин"
,130,"мт авт",,,,"06:00-22:30","2(-)","8(-)","31,3 км","114 мин"
31,131,"мт мк","пос. Шевченко –  
пл. Старосенная","пос.Шевченко, ул.Победы, ул.Центральная, ул.Луцкая, ул.Заболотного, пр.Добровольского, Николаевская дорога, ул.Атамана Головатого, сп.Херсонский, ул.Пастера, ул.Преображенская, ул.Бунина,
 ул. Екатеринеская, ул. Новощепной ряд, 
ул. Водопроводная, пл. Старосенная","пл. Старосенная, Итальянский бульвар, Новощепной ряд, ул. Екатеринеская, ул.Жуковского, ул. Преображенская, ул.Садовая, ул.Торговая, ул.Пастера, ул.Конная, ул.Софиевская, сп.Маринеско, ул.Черноморского казачества, Николаевская дорога, пр.Добровольского, ул.Заболотнго, ул.Луцкая, ул.Центральная, ул.Победы, пос.Шевченко","06:30-20:00","2 (2)","8 (8)","39,7 км","85 мин"
32,133,"об мк","ул. Ген.Петрова –
пр-т Александровский","ул. Ген. Петрова, ул. Ицхака Рабина, разворот возле рынка «Восход» угол 
ул. 25-й Чапаевской дивизии, 
ул. И. Рабина, пл.Б.Деревянко, ул.Филатова, ул.Космонавтов, Люстдорфская дор., ул.Водопроводная, пл.Привокзальная, ул.Пантелеймоновская, ул.Екатерининская, ул.Жуковского, просп. Александровский"," просп. Александровский, ул. Бунина, 
ул. Екатериниская, Новощепной ряд,  ул.Водопроводная, Люстдорфская дор., ул.Космонавтов, ул.Филатова, ул.И.Рабина, ул.Ген.Петрова, 54","06:50-18:00","2 (2)","12 (12)","19,5 км","62 мин"
,,"мт мк",,,,"06:30-21:30","18 (15)","144(105) (150)","19,5 км","54 мин"
33,135,"об авт","пл. Тираспольская-ОНПЗ","пл.Тираспольская,  ул.Нежинская,  ул.Ольгиевская, ул.Старопортофранковская,  сп.Ольгиевский, сп.Краснослободской,  ул.Краснослободская, ул. Ширшова, ул.Слободская,  ул. Ак.Воробьева,  ул.Агрономическая, ул. Хуторская,  Дорога на кирпичный завод, Нефтеперерабатывающий  Завод","Нефтеперерабатывающий завод, Дорога на кирпичный завод, ул.Хуторская, ул.Агрономическая,  ул.Краснослободская, сп.Краснослободской, сп.Скидановский, ул.Манежная, ул.Ольгиевская, ул.Нежинская, пл.Тираспольская","06:30-19:30","1 (1)","6 (6)","13,9 км","50 мин"
34,137,"мт мк","ул. Ген. Петрова – ЦПУ «Мост»","ул.Ген.Петрова ( ""Сельпо""), ул.Радостная, пл.Б.Деревянко, ул.И.Рабина, ул.Малиновского, пр.Адмиральский, ул.Черняховского, пр.Шевченко, ул.Пироговская, ул.Мариинская, бул.Итальянский, ул.Канатная, ул.Греческая, ул.Екатерининская, 
ул. Ланжероновская, ул.Гаванная, пер.Маяковского, ул.Гоголя, пер.Некрасова, ул.Софиевская, 
сп Маринеско, ул. Черноморского казачества, ул. Церковная, ул. Щеголева, ул.Одария","ул.Одария, ул. Балковская, 
сп. Маринеско, ул.Софиевская, 
ул. Пренображенская, пер. Маяковского, ул.Гоголя, ул.Сабанеев мост, ул.Екатерининская, ул.Ланжероновская, ул.Ришельевская, ул.Бунина, ул.Канатная, ул.Пироговская, пр.Шевченко, ул.Черняховского, пр.Адмиральский, ул.Малиновского, ул.И.Рабина, пл.Б.Деревянко, ул.Радостная, ул.Ген.Петрова, ул. Ицхака Рабина, 
ул. 25 Чапаевской дивизии, ул. Гайдара, ул.Ген.Петрова, ул.Ген.Петрова (""Сельпо"")","06:00-23:00","16(16)","112(112)","32,2 км","86 мин"
,,"об мк",,,,"07.00-20.00","1(-)","4(-)",,"100 мин"
35,140,"об авт","Деткомбинат – мост Пересыпь","Днепропетровская дор. (Деткомбинат), Южная дорога, Николаевская дорога, ул.Атамана Головатого, ул.Одария","ул.Одария, ул.Черноморского казачества, Николаевская дорога, Южная дор., Днепропетровская дор (Деткомбинат)","07:20-18:30","1 (-)","4 (-)","27,1 км","75 мин"
36,141,"мт мк","ул. Паустовского – мост «Пересыпь»","ул. Паустовского, ул. Днепропетровская дорога, ул. Николаевская дорога, 
ул. Ат.Головатого, ул. Одария (мост ""Пересыпь"")","ул. Одария (мост ""Пересыпь""), 
ул. Черноморского казачества, 
ул. Николаевская дор., 
ул. Днепропетровская дор.,
 ул. Паустовского","07.00-21.00","4/0","28/0","28,2 км","120 мин"
37,144,"об авт","Ж/Д вокзал - Деткомбинат","Деткомбинат, Днепропетровская дор, Южная дор., Николаевская дор, ул.Ат.Головатого, ул.Приморская, сп.Польский, ул.Польская, ул.Еврейская, ул.Осипова, ул.М.Арнаутская, ул.Гимназическая, ул.Пантелеймоновская ( Ж/д вокзал)","ул.Пантелеймоновская (Ж\д вокзал), ул.Пушкинская, ул.М.Арнаутская, ул.Осипова, ул.Еврейская, ул.Польская, сп.Польский, ул.Приморская, ул.Черноморского казачества, Николаевская дор, Южная дор., Днепропетровская дорога, Деткомбинат","06:20-19:00","3(1)","12(4)","36,2 км","110 мин"
38,145,"об мк","Мемориал 411 батареи –
ул. Ак. Заболотного","Мемориал 411 бат (ул.К.Либкнехта), 
ул. Ореховая, ул. М.Демченко,
 ул. Белорусская, ул. ОТважных, ул.Архитекторская, ул.Ильфа и Петрова, ул.Ак.Вильямса, ул.Ак.Королева, ул.25-й 
Чап. Дивизии,  ул.Комарова, Люстдорфская дорога, пл.Толбухина, ул.Краснова,  ул.Среднефонтанская, 
ул. Пушкинская, ул. Греческая, 
ул. Екатерининская, ул. Ланжероновская, 
ул. Гаванная, пер. Маяковского, ул.Преображенская, ул. Софиевская, 
сп. Маринеско, ул. Ч. Казачества, Николаевская дорога, Днепропетровская дор., ул.Заболотного","ул.Заболотного, пр-т Добровольского, Николаевская дорога, ул. Атамана Головатого,  ул.Пастера,  ул.Преображенская, ул. Бунина ул.Ришельевская, бул.Итальянский, ул.Среднефонтанская, ул.Краснова, пл.Толбухина, Люстдорфская дорога, ул.Комарова, ул.25-й Чап. Дивизии, ул.Ак.Королева, ул.Ак.Вильямса, ул.Ильфа и Петрова,  ул.Архитекторская, 
ул. Отважных, ул. Белорусская, 
ул. М.Демченко, ул. Ореховая, Мемориал 411 батареи (ул. К.Либкнехта)","07:00-18:00","2(-)","6(-)","65,0 км","150 мин"
,145,"мт мк",,,,"06:15-22:30","30(25)","180(150)","65,0 км","120 мин"
,145,"мт авт",,,,"07:30-20:00","3 (-)","12 (-)","65,0 км","130 мин"
39,146,"мт мк","Пр-т Жукова (ТЦ Метро) –
ул. Затонского","ул. М. Жукова (""ТЦ ""Метро""), ул.Вильямса, ул.Королева,
 пр. Ак.Глушко, Люстдорфская дор., 
ул. Д. Донского,  ул.Чубаевская, Фонтанская дор, ул.Черняховского,  просп. Шевченко, ул.Пироговская, ул.Мариинская, бр.Итальянский, ул.Канатная, ул.Жуковского, ул.Преображенская, ул.Софиевская, сп.Маринеско, ул.Черноморского казачества, Николаевская дор., пр.Добровольского, ул.Затонского.","ул.Затонского, просп.Добровольского, Николаевская дор., ул.Ат.Головатого, сп.Херсонский, ул. Пастера, ул.Преображенская, ул.Бунина, ул.Канатная, ул. Семинарская, 
просп. Шевченко, ул.Черняховского, Фонтанская дорога, ул.Чубаевская,
 ул.Д. Донского, Люстдорфская дорога, 
пр-т Ак.Глушко, ул.Ак.Королёва, ул.Вильямса, ул. М. Жукова 
(""ТЦ ""Метро"")","06:30-22:00","50 (45с, 40в)","200 (180/160)","76,1 км","183 мин"
40,148,"об мк","ул. Архитекторская-пр.Александровский","ул.Архитекторская, ул.Ак.Королева, ул.25-й Чап. Дивизии, ул.Комарова, пл.Толбухина, ул.Краснова, ул.Среднефонтанская, ул.Пушкинская, ул.Жуковского, просп.Александровский","просп Александровский, ул. Бунина, ул.Ришельевская, бул. Итальянский, ул.Среднефонтанская, ул.Краснова,пл.Толбухина, ул.Комарова, ул.25-й Чап.Дивизии, ул.Ак.Королева, ул.Архитектрская","07:30-18:00","3 (-)","9 (-)","27,0 км","120 мин"
,148,"мт мк",,,,"06:15-23:00","25(23)","175(161)","27,0 км","80 мин"
41,149,"об мк","ул. Архитекторская-пр.Александровский","ул.Архитекторская, ул. Ак.Королева, 
пр.Ак.Глушко, пр.М.Жукова, ул.Комарова, Люстдорфская дорога, ул.Водопроводная, пл. Старосенная, бул.Итальянский, ул. Ришельевская, ул.Новощепной ряд, ул.Екатерининская, ул.Жуковского, просп.Александровский","просп.Александровский, ул. Бунина, ул.Екатерининская, ул. ул.Новощепной ряд, ул.Водопроводная, Люстдорфская дорога, ул.Комарова, пр.М.Жукова, просп.Ак.Глушко, ул.Ак.Королева, ул.Архитекторская","08:00-19:30","2(0)","6(0)","24,4 км","97 мин"
,,"мт мк",,,,"07:30-21:30","18(15)","96(90)","24,4 км","90 мин"
42,150,"об мк","ул. Королева  -
пр-т Александровский","ул. Ак.Королева, пр.Глушко, Люстдорфская дорога, пл.Толбухина, ул.Краснова, ул.Среднефонтанская, ЦПУ Вокзал, ул.Пушкинская,  ул. Жуковского, пр.Александровский,","Просп. Александровский, ул. Бунина, ул.Ришельевская, бул.Итальянский, ул.Среднефонтанская, ул.Краснова, пл.Толбухина, Люстдорфская дорога, просп.Глушко, ул.Ак.Королева","06:00-18:10","2 (2)","12 (12)","24,4 км","85 мин"
,150,"мт мк",,,,"06:00-21:25","25 (20)","225 (180)","24,4 км","84 мин"
43,151,"об мк","ул. Ж. Кюри –  ЦПУ «Мост»","ул. Бочарова (ул.Ж.Кюри), пр.Добровольского, Николаевская дор, ул.Ат. Головатого, ул.Одария (Мост)","Мост Пересыпь, ул.Черноморского Казачества, Николаевская дорога, просп.Добровольского, ул.Бочарова (ул.Ж.Кюри)","07:00-11:00","1 (-)","5 (-)","25.6 км","80 мин"
44,155,"об авт","ул.Паустовского – Ж/Д вокзал","ул.Паустовского, просп.Добровольского, Николаевская дорога, ул.Атамана Головатого, ул.Приморская, 
сп. Польский, ул.Польская, ул.Еврейская, ул.Осипова, ул.Б.Арнаутская, ул.Шмидта, ул. Пантелеймоновская 
( Ж/д вокзал)","ул.Пантелеймоновская (Ж/д вокзал), ул.Пушкинская, ул.М.Арнаутская, ул.Осипова, ул.Еврейская,  ул.Польская, сп.Польский, ул.Приморская, ул.Черноморского казачества, Николаевская дорога, просп.Добровольского, ул.Паустовского","06:45-20:00","2(-)","8(-)","38,8 км","111 мин"
45,156,"об авт","ул. Высоцкого – ул.Архитекторская","ул.Высоцкого, ул.Сахарова, ул. Бочарова, Днепропетровская дор., Южная дор., Николаевская дор., ул.Атамана Головатого, ул.Балковская, ул.Дальницкая, ул. Стуса, Ивановский путепровод, ул.Щорса, ул. Гастелло,
 ул. 7-я Степная, Платановая, Радостная, пл. Б.Деревянко, ул.Ак.Филатова, Люстдорфская дорога, просп.Глушко,  ул.Королева, ул.Архитекторская.","ул.Архитекторская.,  просп.Глушко, Люсдорфская дор, ул.Королева, 
 ул. Ак.Филатова, пл. Б.Деревянко, 
ул. Радостная, Полтавская, ул. 7-я Степная,
 ул. Гастелло, ул.Щорса, Ивановский 
путевод, ул. Стуса, ул.Дальницкая ул.Балковская, 
ул. Черноморского казачества, Николаевская дорога, Южная дор., Днепропетровская дорога, ул.Ген.Бочарова, ул.Сахарова, ул.Высоцкого.","06:00-21:00","1 (1)","6 (3)","80,0 км","185 мин"
,156,"мт авт",,,,"05:30-22:00","4(-)","12(-)","80,0 км","185 мин"
,156,"мт мк",,,,"05:30-24:00","20(20)","80(80)","80,0 км","164 мин"
46,162,"об авт","ЦПУ «Вокзал»- Таировское кладбище","Старосенной проезд (ЖДВ), ул.Водопроводная, Люстдорфская дорога, ул. Космонавтов, ул.25-й Чапаевской дивизии, ул. Ак. Королева, ул. Ак. Глушко,  дорога на Ильичёвск, Таировское кладбище","Таировское кладбище, дорога на Ильичёвск, просп.Ак.Глушко, ул.Ак.Королева, ул.25-й Чап. дивизии, ул.Космонавтов, Люстдорфская дорога, ул.Водопроводная, пл.Старосенная, Старосенной проезд (ЖДВ)","06:20-20:00","1 (-)","4 (-)","31,8 км","93 мин"
47,165,"мт мк","Крыжановка - Слободка (онкодиспансер)","""Крыжановка"", Днепропетровская дор., ул.Паустовского, просп.Добровольского, Николаевская дорога, ул. Ат.Головатого, ул.Балковская, ул. Маловского, ул.Рачкова, ул.Ак. Воробьева, 
ул.С. Ядова, ул. Хуторская, ул.Агрономическая, ул.Неждановой","ул.Неждановой, ул.Агрономическая, ул.Ак.Воробъева, ул.Рачкова, ул.Маловского, ул.Балковская, ул.Черноморского казачества, Николаевская дорога, просп.Добровольского, ул.Паустовского, Днепропетровская дор., ""Крыжановка""","06:00-21:00","5(5)","35(35)","41,3 км","110 мин"
48,166,"об авт","ул. Паустовского - ул.Жуковского","ул.Паустовского, Днепропетровская дорога, Южная дор., Николаевская дорога, ул.Атамана Головатого,
 сп. Херсонский, ул.Пастера, ул.Преображенская, ул.Бунина, просп.Александровский, ул.Жуковского","ул.Жуковского, ул.Преображенская, ул.Садовая, ул.Торговая, ул.Пастера, ул.Конная, ул. Софиевская, сп.Маринеско, ул.Черноморского казачества, Николаевская дорога, Южная дор., Днепр. дорога, ул.Паустовского","06:30-10:20","1 (-)","4 (-)","35,6 км","88 мин"
49,168,"мт мк","ул. М. Говорова- 
маг. «Копейка»","ул. М.Говорова, ул.С.Варламова, ул.Генуэзская, ул.Посмитного, ул.Чубаевская, ул.Толбухина, ул.Ак.Филатова, пл.Б.Деревянко, 
ул. Радостная, ул. Полтавская, 
ул. Кострова, ул. Центральный аэропорт, ул.Щорса, Ивановский путепровод, ул.Мельницкая, ул.Степовая, ул.Б.Хмельницкого, ул.Старопортофранковская, ул.Торговая, ул.Пастера, ул.Ольгиевская, 
сп. Маринеско, ул. Черноморского казачества, Николаевская дор., 
Южная дор., Днепропетровская дор.,
 маг. ""Копейка"".","маг. ""Копейка"", Днепропетровская дор., Южная дор., Николаевская дор., Ат.Головатого, сп. Херсонский, 
ул. Пастера, ул.Ольгиевская, ул.Старопортофранковская, ул.Мечникова, ул.Б.Хмельницкого, ул.Степовая, ул.Мельницкая, Ивановский путепровод, ул.Щорса, ул. Центральный аэропорт, 
ул. Кострова, ул. Платановая, ул. Радостная, пл.Б.Деревянко, ул.Ак.Филатова, ул.Толбухина, ул.Глинки, ул.Ромашковая, ул.Чубаевская, ул.Посмитного, ул.Генуэзская, ул.С. Варламова, ул.М.Говорова","07:00-21:00","32(28);
8(7)","96(84);        24 (21)","82,0 км","200 мин"
,,"об мк",,,,"07.30-19.00","1(-)","3(-)","76,0 км","230 мин"
50,170,"об авт","Таврия-В Суворовский – 
ул. Жуковского","Таврия-В Суворовский (Старокиевское шоссе), ул. Паустовского, Днепропетровская дор., Южная дор., Николаевская дор., ул.Ат. Головатого, 
сп. Херсонский, ул. Пастера, ул.Преображенская, ул. Бунина, Александровский пр-т, ул. Жуковского"," ул.Жуковского, ул.Преображенская, ул.Софиевская, сп.Маринеско, ул.Черноморского казачества, Николаевская дор., Южная дор., Днепропетровская дор.,
 ул. Паустовского, Таврия-В Суворовский (Старокиевское шоссе) ","06:30-19:30","1 (-)","5 (-)","39,0 км","127 мин"
,170,"мт авт",,,,"06:00-22:30","2(-)","10(-)","39,0 км","115 мин"
,170,"мт мк",,,,"06:00-22:30","10(10)","70(70)","39,0 км","99 мин"
51,171,"мт мк","ЦПУ «Вокзал» - Промрынок 7 км","Ж/д вокзал, ул.Пантелеймоновская, ул.Мечникова, ул.Б.Хмельницкого, ул.Степовая, ул.Мельницкая, Овидиопольская дор, ул. Базовая (Мылка),  Промрынок 7км","Промрынок 7км, ул. Базовая (Мылка), Овидиопольская дор, ул.Мельницкая, ул.Степовая, ул.Б.Хмельницкого, ул.Мечникова, ул.Пантелеймоновская, ул.Ришельевская, бул.Итальянский, 
Ж/д вокзал","06:00-17:00","20(20)","120(120)","27,0 км","60 мин"
52,175,"мт мк","аптека Гаевского- Мемориал 411 батареи","ул.Садовая, ул.Преображенская, ул.Бунина, ул.Ришельевская, ул. Водопроводная, бул.Итальянский, ул.Среднефонтанская, ул.Пироговская, ул.Канатная, ул.Сегедская,  Фонтанская дор., пр.Адмиральский, ул.Малиновского, ул.Гайдара, ул.Ген.Петрова, ул.И.Рабина, ул.25-й Чап.Дивизии, ул. Ак. Королёва, 
ул. Архитекторская, ул. Отважных, 
ул. Белорусская, ул. М. Демченко,  ул. Карла Либкнехта, Мемориал 411 батареи","Мемориал 411 батареи, ул. Карла Либкнехта, ул. М. Демченко, 
ул. Белорусская, ул. Отважных, 
ул. Архитекторская, 
ул. Ак. Королоёва, ул.25-й Чап.Дивизии,  ул.Гайдара, ул.Малиновского, пр.Адмиральский, ул.Сегедская,  пр.Гагарина, пр.Шевченко, ул.Пироговская, ул.Мариинская, бул.Итальянский, ул.Пушкинская, ул.Греческая, ул.Ришельевская, ул.Жуковского, Тираспольская пл., ул. Нежинская, 
ул. Спиридоновская, пл.Соборная","06:30-22:00","40(30)","240(180)","41,1 км","140 мин"
53,185,"мт мк","аптека Гаевского – Мемориал 411
батареи","ул.Садовая, ул.Преображенская,  ул.Бунина, ул.Екатерининская, ул.М.Арнаутская, ул.Канатная, ул.Пироговская, пр.Шевченко, ул.Черняховского, Фонтанская дорога, ул.Костанди, ул. Равенства, ул. Львоская,  Люстдорфская дорога, ул.Левитана, ул.Ильфа и Петрова, ул. Архитекторская, 
ул. Отважных, ул. Белорусская, 
ул. М.Демченко, ул. Карла Либкнехта, Мемориал 441 батареи"," Мемориал 441 батареи, ул. Карла Либкнехта, ул. М.Демченко,
 ул. Белорусская, ул. Отважных, 
ул. Архитекторская, ул.Ильфа и Петрова , ул.Левитана, Люстдорфская дорога,
ул. Львовская, ул. Ёлочная, ул.Костанди, Фонтанская дорога, ул.Черняховского, пр.Шевченко,  ул.Мариинская, бул.Итальянский, Привокзальная пл., ул.Пантелеймоновская, ул.Екатериниская, ул.Жуковского, Тираспольская пл.,
 ул. Нежинская, ул. Спиридоновская, Соборная пл.","05:45-21:00","40 (30)","240 (180)","40,8 км","136 мин"
54,190,"мт мк","ул. Паустовского - Ж/Д вокзал","ул. Паустовского, пр.Добровольского, Николаевская дорога, ул. Атамана Головатого, ул.Приморская, сп.Польский, ул.Польская, ул.Еврейская, ул.Осипова, ул.М.Арнаутская, ул.Гимназическая, Итальянский б-р.","Итальянский б-р, ул.Л.Шмидта, ул.Пушкинская, ул.М.Арнаутская, ул.Осипова, ул.Еврейская, ул.Польская, сп.Польский, ул.Приморская, ул.Черноморского казачества, Николаевская дорога, пр.Добровольского, ул.Паустовского","05:20-24:00","18(18);
15(13)","126(126); 105(91)","43,0 км","104 мин"
55,191,"мт мк","Мемориал 411батареи - Мост  Пересыпь","Мемориал 411 бат., ул.Д.Ковалевского, 
ул. Долгая, пр.Ак.Глушко, пр.М.Жукова, ул.25й Чап. Дивизии, ул.Варненская, ул.Терешковой, ул.Космонавтов, ул.Ген.Петрова, ул.И.Рабина, пл.Б.Деревянко, ул.Щорса, ул.Спартаковская, ул. Балковская, 
ул. Заньковецкая, ул. Степовая,
 ул. Косвенная, ул. Средняя, 
ул. Балковская, ул.Черноморского Казачества, ул.Церковная, ул.Щеголева, ул.Одария (мост Пересыпь)"," ул.Одария (Мост Пересыпь), ул.Балковская, ул. Грушевского, 
ул. Балковская, ул. Средняя, 
ул. Косвенная, ул. Степовая, 
ул. Заньковецкая, ул. Балковская,  ул.Спартаковская, ул.Щорса, пл.Б.Деревянко, ул.И.Рабина, ул.Ген.Петрова, ул.Варненская, ул.25-й Чап.Дивизии, ул.М.Жукова, пр.Глушко, ул.Долгая, ул.Дача Ковалевского, Мемориал 411 бат.","05:30-23:40","31(21); 16(13)","186(126); 96(78)","41,0 км","110 мин"
,,"об мк",,,,"06.30-20.00","2(-)","6(-)","41,5 км","145 мин"
56,197,"мт мк","Мемориал 411 батареи – Слободка (Онкодиспансер)","Мемориал 411 бат (ул. Д.Ковалевского), 
ул. Ореховая, ул. М.Демченко, 
ул. Белорусская, ул. Отважных, ул.Архитекторская, ул.Ак.Королева, ул.Ак.Вильямса, ул. Ильфа и Петрова, ул.Левитана, пр.М.Жукова, ул.25-й  Чапаевской дивизии, ул. Гайдара, ул.Ген.Петрова, ул.И.Рабина, 
пл. Б.Деревянко, ул. Щорса, Ивановский путепровод, ул. В.Стуса, ул.Дальницкая, ул.Бугаевская, ул. Грушевского, ул.Балковская,  ул. Маловского, ул.Рачкова, ул.Ак.Воробьева, ул.Агрономическая, ул.Неждановой","ул.Неждановой, ул.Агрономическая, ул.Ак.Воробъева, ул.Рачкова, ул.Маловского, ул.Балковская, ул.Бугаевская, ул.Дальницкая, ул.В.Стуса, Ивановский путепровод, ул.Щорса, пл.Б.Деревянко, ул.И.Рабина, ул.25-й Чап. Дивизии, ул.М.Жукова, ул.Левитана, ул.Ильфа и Петрова, ул.Ак.Вильямса, ул.Ак.Королева, ул.Архитекторская, ул. Отважных, ул. Белорусская, ул. М.Демченко, ул. Ореховая, Мемориал 411 батареи (ул. Д.Ковалевского)","06:30-20:30","30 (16)","150 (80)","49,2 км","140 мин"
,,"об мк",,,,"07.00-19.00","2/0","6/0",,"65 мин"
57,198,"мт мк","ул. Неждановой - Аркадия","ул.Неждановой (Онкодиспансер), ул.Агрономическая, ул.Ак.Воробъева,  ул.М.Грушевского, ул.Разумовская, 
ул. Мечникова, ул.М.Арнаутская, ул.Ришельевская, Итальянский бул., ул.Среднефонтанская, ул. Семинарская, пр.Шевченко, пл. 10 Апреля, 
ул. Генуэзская, Аркадия","Аркадия, ул. Генуэзская, пл. 10 Апреля, пр.Шевченко, ул.Семинарская, ул.Среднефонтанская, ул. Л.Шмидта,  ул.Пантелеймоновская, ул.Екатерининская, ул.Б.Арнаутская, ул.Разумовская, ул.М.Грушевского, ул.Ак.Воробъева, ул.Агрономическая, ул.Неждановой, 
ул. Бадаева","07:00-21:00","14 (12)","84 (72)","27,2 км","80 мин"
58,200,"мт мк","Таврия В «Маршал» - ул. Старопортофранковская угол ул. Пастера»","просп. Ак. Глушко (Таврия В), ул. Ильфа  и Петрова, ул.Архитекторская, ул.Ак.Королева, ул.25-й Чап. Дивизии, ул.Комарова, Люстдорфская дорога, ул.Водопроводная, ул. Старосенная площадь, ул. Главная, Итальянский бул., Привокзальная пл., ул. Пушкинская, 
ул. Успенская, ул. Дегтярная, 
пл. Льва Толстого, Лютеранский пер. 
ул. Старопортофранковская,
 ул. Ольгиевская, ул. Пастера, 
ул. Пастера угол  
ул. Старопортофранковская","ул. Старопортофранковская угол 
ул. Пастера, ул. Пастера, ул. Ольгиевская, 
ул. Старопортофранковская, ул. Льва Толстого, ул. Дегтярная, ул. Успенская, 
   ул. Ришельевская, ул. Водопроводная, Люстдорфская дорога, ул.Комарова, 
ул.25-й Чап. Дивизии, ул.Ак.Королева, ул.Архитекторская  ул.Ильфа  и Петрова, 
 просп. Ак. Глушко (Таврия В)","06:30-21:00","15 (15)","105 (105)","26,4 км","86 мин"
59,"200а","мт мк","пос. Мизикевича – ЦПУ «Вокзал»","сел. Мизикевичи, дорога на Ильичёвск, 
просп. Ак. Глушко (Таврия В), ул. Ильфа  и Петрова, ул.Архитекторская, ул.Ак.Королева, ул.25-й Чап. Дивизии, ул.Комарова, Люстдорфская дорога, ул.Водопроводная, пл.Старосенная"," Старосенная пл., ул.Водопроводная, Люстдорфская дорога, ул.Комарова, ул.25-й Чап. Дивизии, ул.Ак.Королева, ул.Архитекторская  ул.Ильфа  и Петрова,  просп. Ак. Глушко, дорога на Ильичёвск, 
сел. Мизикевичи","07:00-16:00","5(5)","35(35)","30,2 км","100 мин"
60,201,"мт мк","ЦПУ «Вокзал» – 
ул. Обнорского"," пл.Старосенная, бул.Итальянский, ул.Пушкинская,  ул.Б.Арнаутская, ул.Мечникова, ул.Б.Хмельницкого, ул.Степовая, ул.Мельницкая, Ивановский путепровод, ул.Ак.Гаркавого, ул.Проселочная, Дальницкое шоссе,Тираспольское шоссе, Окружная дорога-Магистральная, ул.Нескучная, ул.Обнорского (школа)","ул.Обнорского (школа), ул.Нескучная, Магистральная, Окружная дорога, Тираспольское шоссе, Дальницкое шоссе, ул.Проселочная, ул.Ак.Гаркавого, Ивановский путепровод, ул.Мельницкая, ул.Степовая, ул.Б.Хмельницкого,  ул.М.Арнаутская, ул.Ришельевская, ул.Водопроводная, Старосенная пл.","05:10-23:00","33 (30)","198 (180)","35,4 км","104 мин"
61,202,"об авт","ЦПУ «Вокзал» - кладбище Западное","пл.Старосенная, бул.Итальянский, ул.Ришельевская, ул.Новощеной ряд, ул.Екатерининская, ул.Б.Арнаутская, ул.Мечникова, ул.Б.Хмельницкого, ул.Мельницкая, Ивановский путепровод, ул.Ак.Гаркавого, ул.Проселочная, Дальницкое шоссе, Тираспольское шоссе, Окружная дорога (кладбище Западное)","Окружная дорога (кладбище Западное), Тираспольское шоссе, Дальницкое шоссе, ул.Проселочная, ул.Ак.Гаркавого, Ивановский путепровод, ул.Мельницкая, ул.Степовая, ул.Б.Хмельницкого, ул.М.Арнаутская, ул.Ришельевская, ул.Новощепной ряд, ул.Водопроводная, Старосенная пл.","07:00-16:00","2 (2)","10 (10)","28,9 км","80 мин"
62,203,"мт мк","Цементный завод –парк Шевченко","ул.Хуторская (Цементный завод) ул.С.Ядова, ул.Ак.Воробьева, ул.Краснослободская,  сп.Ольгиевский, сп.Скидановский, ул.Манежная, ул.Ольгиевская, ул.Пастера, ул.Преображенская, ул.Троицкая, ул.Маразлиевская, ул.Успенская, ул.Белинского","ул.Белинского, ул.Успенская, ул. Канатная,  ул.Жуковского, пл.Тираспольская, ул.Нежинская, ул.Спиридоновская, пл.Соборная, ул.Садовая, ул.Торговая, ул.Пастера, ул.Ольгиевская, ул.Старопортофранковская, сп.Ольгиевский, сп. Краснослободской, ул.Краснослободская, ул. Ширшова, 
 ул. Слободская, ул.Ак.Воробъева, ул.С.Ядова, ул. Хуторская (Цементный завод)","07:00-20:00","12 (10)","84 (70)","26,0 км","75 мин"
63,208,"об мк","ул. Шишкина – ул.Промышленная","ул. Шишкина, Люстдорфская дор.,ул.Тополевая, ул.Ак.Королёва, ул.25-й Чапаевской Дивизии, ул.Варненская, ул.Ак.Филатова, пл.Толбухина, Люстдорфская дорога, пр.Адмиральский, Фонтанская дорога, ул.Сегедская, пр.Гагарина, пр.Шевчеко, ул.Пироговская, ул.Мариинская, Итальянский б-р, ул.Пушкинская, 
ул.Б. Арнаутская, ул.Разумовская, 
ул. М.Грушевского, Химическая, ул.Промышленная","ул.Промышленная, ул.Химическая, ул.М.Грушевского, ул.Разумовская, ул.Мечникова, ул.М.Арнаутская, ул.Ришельевская, бул.Итальянский, ул.Среднефонтанская, ул.Пироговская, пр.Шевченко, пр.Гагарина, ул.Сегедская, Фонтанская дорога, пр.Адмиральский, Люстдорфская дорога, пл.Толбухина, ул.Ак.Филатова, ул.Варненская. ул.25-й Чапаевской дивизии, ул.Ак.Королёва, ул.Тополевая, Люстдорф. дор., ул.Шишкина","07:00-21:00","3 (-)","15 (-)","40,6 км","140 мин"
,,"мт мк",,,,"06:00-22:00","30 (25)","180 (150)","40,6 км","130 мин"
64,210,"об авт","Ж/М Школьный – ЦПУ «Мост»","Ж\м Школьный, пр.М.Жукова, ул.25-Чап. Дивизии, ул.Космонавтов, пр.Адмиральский, Фонтанская дорога, ул.Сегедская, пр.Гагарина, пр.Шевченко, ул.Пироговская, ул.Мариинская, бул.Итальянский, ул.Л.Шмидта, ул.М.Арнаутская, ул.Осипова,  сп.Польский, ул.Приморская (мост)","ул.Приморская (Мост Пересыпь), сп.Польский,  ул.Жуковского, ул.Ришельевская,  
ул. Водопроводная, бул.Итальянский,  ул.Среднефонтанская, ул. Пироговская, 
ул. Канатная, ул.Сегедская, Фонтанская дор, пр.Адмиральский, ул.Космонавтов ул.25й Чап.Дивизии, пр.М.Жукова, 
Ж/м Школьный","06:30-19:10","2(-)","8(-)","31.9 км","105 мин"
,210,"мт авт",,,,"06:30-21:00","30(27)","180(162)","31.9 км","89 мин"
65,214,"мт мк","Св. Иверский монастырь – ул. Неждановой (Онкодиспансер)","Св.Ив.Монастырь, ул.Левитана, 
 ул. Массив Радужный, ул. Массив Радужный, 4 (разворот), обратно 
ул. Массив Радужный, ул. Левитана, пр.М.Жукова, ул.25-й Чап. дивизии, ул.Космонавтов, Люстдорфская дорога, ул.Водопроводная, пл.Старосенная, бул.Итальянский,  ул.Новощепной ряд, ул. Екатирининская, ул.Пантелеймоновская, ул.Старопортофранковская, 
ул. Ольгиевская, ул. Пастера, ул.Старопортофранковская, спук Ольгиевский, ул. Краснослободская, 
ул. Ширшова, ул. Слободская, 
ул. Ширшова, ул. Агрономическая, 
ул. Неждановой (Онкодиспансер)","ул. Неждановой (Онкодиспансер), 
ул. Агрономическая, ул. Краснослободская, Скидановский спуск, ул. Манежная, 
ул. Ольгиевская, ул.Старопортофранковская,
 ул. Пастера, ул. Ольгиевская, 
ул. Новосельского, пер. Сеченёва,  ул.Старопортофранковская,ул.М.Арнаутская, ул.Екатерининская, ул.Новощепной ряд, ул.Водопроводная, Люстдорфская дор, ул.Космонавтов, ул.25-й Чап. дивизии, ул.М.Жукова, ул.Левитана, ул. Массив Радужный, ул. Массив Радужный, 4 (разворот), обратно ул. Массив Радужный, 
ул. Левитана, Св.Ив.Монастырь.","05:50-21:00","20(18)","100(90)","38,1 км","120 мин"
66,215,"мт мк","ул. Бугаевская - 16ст. Б. Фонтана","ул. Бугаевская, 38, по ул. Бугаёвской, 
ул. Средняя (разворот), с ул. Бгаёвской на 
ул. Грушевского, ул.Ак.Воробъева, ул.Краснослободская, сп.Скидановский, ул.Манежная, ул.Ольгиевская, ул.Нежинская, пл.Тираспольская, ул.Преображенская, ул.Троицкая, ул.Екатерининская, ул.Новощепной ряд, ул.Водопроводная, Люстдорфская дорога, ул.Космонавтов, ул.Ак.Филатова, пл.Толбухина, Люстдорфская дорога, ул.Комарова, ул.25-й Чап. Дивизии, ул.Ак.Королева, пл.Независимости, пр.Ак.Глушко,  ул.Львовская, пер.Дачный Фонтанская дорога, 16-я ст. Б.Фонтана.","Фонтанская дорога (16 ст.Б.Фонтана), ул.Дачная, ул.Львовская, пр.Ак.Глушко, пл.Независимости, ул.Ак.Королева, 25-й  Чапаевской дивизии, ул.Комарова, Люстдорфская дорога, 
 пл. Толбухина, ул. Ак. Филатова, 
ул. Космонавтов, ул.Водопроводная, пл.Старосенная, бул.Итальянский, ул.Новощепной ряд,  ул.Екатерининская, ул.Жуковского, пл.Тираспольская, ул.Нежинская, ул.Дворянская, пер.Лютеранский, ул.Градоначальницкая, сп.С. Олейника, ул. Маловского, 
ул. Рачкова, ул.Ак. Воробьева, М.Грушевского, ул.Бугаевская ","06:30-18:45","16(16)","64(64)","35,6 км","120 мин"
67,220,"об мк","Рыбпорт – ЦПУ «Вокзал»","Рыбпорт,  Совиньон, 
ул. З. Космодемьянской, пр.Свободы, пр.М.Жукова, пр.Ак.Глушко,
 пл. Независимости, ул.Ак.Королева, ул.25-й Чап. Дивизии, ул.Комарова, Люстдорфская дорога, ул.Водопроводная, пл.Старосенная,  Ж/д вокзал","пл. Старосенная, ул.Водопроводная, Люстдорфская дорога, ул.Комарова, ул 25-й Чап. Дивизии, ул.Ак.Королева, 
 пл. Независимости, пр.Ак.Глушко,
 пр. М.Жукова, пр.Свободы, 
ул. З. Космодемьянской, Совиньон, Рыбпорт","06:30-19:00","2 (-)","8 (-)","34,6 км","120 мин"
68,"220а","мт мк","Рыбпорт – Экономический ун-т","Рыбпорт, Совиньон, 
ул. З. Космодемьянской, пр.Свободы, пр.М.Жукова, пр.Ак.Глушко,
 пл. Независимости, ул.Ак.Королева, ул.25-й Чап. Дивизии, ул.Комарова, Люстдорфская дор, ул.Водопроводная,  ул. Старосенная, ул. Одесса Главная, Итальянский бул., ул. Ришельевская, 
ул. Новощепной ряд, ул. Екатерининская, ул. Ланжероновская, ул. Гаванная, 
ул. Маяковского, ул. Преображенская (Экономический универститет)","ул.Преображенская (Экономический университет), ул.Бунина, ул.Екатерининская, ул.Новощепной ряд, ул.Водопроводная, Люстдорфская дорога, ул.Комарова, ул 25-й Чап. Дивизии, ул.Ак.Королева, пл. Независимости, пр.Ак.Глушко, пр. М.Жукова, пр.Свободы, 
ул. З. Космодемьянской, Совиньон,  Рыбпорт","06:00-20:50","29 (25)","145 (125)","50,6 км","124 мин"
69,221,"мт мк","Червоный хутор - Новый рынок","Червоный хутор,  ул.Ак.Вильямса, Люстдорфская дорога, ул.Краснова, ул.Среднефонтанская, ул.Пушкинская,
  ул. Греческая, ул. Екатерининская, ул.Ланжероновская, ул.Гаванная, ул.Маяковского, ул. Преображенская, Соборная пл., ул. Л. Толстого, 
ул. Новосельского,  ул. Торговая, ул.Нежинская (Новый рынок)."," ул.Нежинская (Новый рынок), ул.Конная, ул.Новосельского, ул. Л. Толстого, 
пл. В. Холодной, ул.Бунина, ул.Ришельевская,  ул. Водопроводная, бул.Итальянский, ул.Среднефонтанская, ул.Краснова, Люстдорфская дорога, ул.Ак.Вильямса,  Червоный хутор","06:30-23:10","31 (25)","155 (125)","37 км","95 мин"
70,223,"об мк","Приморский Суд – 
16 ст. Б.Фонтана","Приморский суд. ул.Балковская, 
ул. Скидановская, сп.Скидановский, ул.Манежная, ул.Ольгиевская, ул. Пастера, ул. Преображенская,  ул.Бунина, ул.Канатная, ул.Сегедская, Фонтанская дор., ул.Гаршина, ул.Дачная, Дачный пер., Фонтанская дор. (16-я ст. Б.Фонтана)","Фонтанская дор.(16 ст. Б.Фонтана), ул.Сегедская, ул.Гагарина, пр.Шевченко, ул.Пироговская, ул.Мариинская, Итальянский б-р, ул.Канатная, ул.Греческая, ул. Ришельевская, 
ул. Жуковского,   ул.Преображенская, ул.Садовая, ул. Торговая, ул.Пастера, ул.Старопортофранковская, сп.Ольгиевский, ул.Балковская, Приморский суд.","08:00-21:40","2 (-)","10 (-)","39,2 км","121 мин"
,,"мт мк",,,,"06:30-22:30","6(6)","36(36)",,"106 мин"
71,"232а","об мк","ул. Вильямса  - 
ул. Ак. Сахарова","ул.Ак.Королева (ул.Вильямса),  ул.25-й Чап. Дивизии, ул.Варненская, ул.Ак.Филатова, пл.Б.Деревянко, ул.Щорса, Ивановский путепровод, ул.В.Стуса, ул.Дальницкая, ул.Балковская, ул.Черноморского казачества, Николаевская дор., просп. Добровольского,  ул. Ак. Заболотного,
 ул. Ак. Сахарова","ул. Ак. Сахарова, ул. Ак. Заболотного,
 пр-т Добровольского,  Николаевская дорога,  ул.Ат.Головатого, ул.Балковская, ул.Дальницкая, ул.В.Стуса, Ивановский путепровод, ул.Щорса,  пл.Б.Деревянко, ул.Ак.Филатова, ул.Варненская, ул.25-й Чап. Дивизии,  ул.Ак.Королева (ул.Вильямса)","06:30-21:35","1(0)
2(2)","4(0)
8(8)","66,8 км","225 мин"
,,"мт мк",,,,"05:10-00:20","16(16)
55(55)","64(64)
220(220)","66,8 км","203 мин"
72,233,"мт мк","Тираспольское шоссе («Два столба») – Парк Шевченко","""Два столба"", ул. Тираспольское шоссе, Дальницкое шоссе, ул.Столбовая, ул.В.Стуса, ул.Мельницкая, ул.Степовая, ул.Б.Хмельницкого, ул.Малая Арнаутская, ул.Белинского, парк им.Шевченко","Парк им.Шевченко, ул.Белинского, ул.Большая Арнаутская, ул.Мечникова, ул.Б.Хмельницкого, ул.Степовая, ул.Мельницкая, ул.В.Стуса, ул.Столбовая, Дальницкое шоссе, Тираспольское шоссе, ""Два столба""","05:50-21:00","10 (4)","70 (28)","29,0 км","100,6 мин"
73,237,"мт мк","ЦПУ «Вокзал» – 
ул. Агрономическая","пл.Старосенная, ул. Одесса Главная, Итальянский бульвар, пл. Привокзальная, 
ул. Пантелеймоновская, ул.Преображенская, ул.Нежинская, ул.Ольгиевская, 
ул. Старопортофранковская, сп.Ольгиевский, ул.Балковская, ул.Маловского, ул.Рачкова, ул.Ак.Воробьева, ул.Агрономическая","ул.Агрономическая, ул.Ак.Воробьева, ул.Рачкова, ул.Маловского, ул.Балковская, сп.Скидановский,  ул. Манежная, 
ул. Ольгиевская, ул.Нежинская, ул.Преображенская, ул. Троицкая,  Ришельевская, ул.Водопроводная, 
пл. Старосенная","07:00-19:10","2 (1)","12 (6)","18,2 км","75 мин"
74,240,"об мк","ул. Паустовского –   ул.Преображенская","ул.Паустовского, пр.Добровольского, Николаевская дорога, ул.Атамана Головатого, сп.Херсонский, ул.Старопортофранковская,
 ул. М. Арнаутская, ул. Преображенская","ул. Преображенская, 
ул. Пантелеймоновская,  ул.Старопортофранковская, ул.Торговая,  ул.Софиевская, сп.Маринеско, ул.Черноморского казачества, Николаевская дорога, пр.Добровольского, ул.Паустовского","06:00-22:00
","1 (1)","4 (4)","40,0 км","113 мин"
,,"мт мк",,,,"05:20-24:00","16(16)","96(96)","40,0 км","100 мин"
,,"мт авт",,,,"05:25-24:00","2(-)","4(-)","40,0 км","110 мин"
75,241,"мт  мк","ул. Ген. Бочарова –Ж/Д вокзал","ул.Бочарова, пр.Добровольского, Николаевская дорога, ул.Атамана Головатого, сп.Херсонский, ул.Пастера, ул.Преображенская, ул.М.Арнаутская, пр.Александровский,
ул.Пантелеймоновская, 
ул. Водопроводная, Итальянский бул., 
ул. Среднефонтанская (до 
ул. Пироговской), 
ул. Среднефонтанская, ул. Л.Шмидта,
 ул. Пантелеймоновская (дом № 62)","ул. Пантелеймоновская, 
ул. Преображенская, ул.Софиевская,  сп.Маринеско, ул.Черноморского казачества, Николаевская дорога, пр.Добровольского, ул.Бочарова","05:30-21:30","15(15)","105(105)","42,0 км","105 мин"
76,242,"мт мк","ул. Паустовского – ООМУ (Больница водников)","Ул. Паустовского, Днепропетровская дорога, Южная дор., Николаевская дорога, ул.Атамана Головатого, сп.Херсонский, ул.Пастера, ул.Преображенская, ул.Бунина, ул.Екатерининская, ул.Пантелеймоновская, ул. Ришельевская, бул.Итальянский, ул.Среднефонтанская,  ул. Пироговская, ул. Канатная, ул. Семинарская, пр.Шевченко,  ул.Черняховского,  пр.Адмиральский,  ул.Судостроительная, ООМУ (больница водников).","ООМУ (больница водников), ул.Судостроительная, пр.Адмиральский, ул.Черняховского, пр.Шевченко, ул.Пироговская, ул.Мариинская, бул.Итальянский, ул. Л. Шмидта, ул.Пантелеймоновская, ул.Екатерининская, ул.Жуковского, ул.Преображенская, ул.Софиевская, сп.Маринеско, ул.Черноморского казачества, Николаевская дорога, Южная дор., Днепропетровская дорога, ул. Паустовского","05:40-23:00","36(28)","180(140)","51,0 км","125 мин"
,,"мт авт",,,,,"2(-)","8(-)","51,0 км","132 мин"
77,250,"об мк","ул. Ж.Кюри – ул.Преображенская","ул. Жолио Кюри, ул. Генерала Бочарова, Днепропетровская .дорога, Южная дор., Николаевская дор, ул.Ат.Головатого, сп.Херсонский, ул.Старопортофранковская,  ул.М.Арнаутская, ул. Преображенская,  ","ул. Преображенская, ул.Пантелеймоновска,  ул.Старопортофранковская,  ул.Торговая, ул.Софиевская, сп.Маринеско, ул.Черноморского казачества, Николаевская дорога, Южная дор., Днепропетровская дорога, ул. Генерала Бочарова, ул. Жолио Кюри","06:45-20:15","1 (-)","4 (-)","37,7 км","98 мин"
78,280,"об мк","ул.Архитекторская–Клеверный мост","ул.Архитекторская, ул.Ак.Королева, ул.25-й Чап.Дивизии, ул.Комарова, ул.Ак.Филатова, ул.Щорса, Ивановский путепровод, ул.Ак.Гаркавого, ул.Проселочная, Дальницкое шоссе, Тираспольское шоссе, Окружная дорога, Клеверный мост.","Клеверный мост, Окружная дорога, Тираспольское шоссе, Дальницкое шоссе, ул.Проселочная, ул.Ак.Гаркавого, Ивановский путепровод, ул.Щорса, ул.Ак.Филатова, ул.Комарова, ул.25-й Чап.Дивизии,  ул.Ак.Королева, ул.Архитекторская","08:00-16:00","- (1)","- (3)","39,8 км","100 мин"
,280,"мт мк",,,,"07:00-21:00","5(4)","25(20)","39,8 км","90 мин"
79,288,"об авт","Деткомбинат - кладбище Западное","Днепропетровская дорога (Деткомбинат), ул.Ген.Бочарова, пр.Добровольского, ул.Заболотного, Окружная дорога 
(кладб.""Западное"")","Окружная дорога (кладбище ""Западное""), Окружная дорога, ул.Заболотного, пр.Добровольского, ул.Ген.Бочарова, Днепропетровская дорога (Деткомбинат)","09:40-16:20","1 (1)","2 (2)","50.4 км","140 мин"
80,"11А","мт мк","Дальние Мельницы – пл.Старосенная","ул. Фабричная, ул. Радужная, 
ул. Аккордная, ул. Строганова, ул. В.Стуса, ул. Мельницкая, ул. Степовая, 
ул. Б.Хмельницкого,
 ул. Пантелеймоновская, 
ул. Екатерининская, ул. Новощепной ряд, ул. Водопроводная, пл. Старосенная","пл. Старосенная, ул. Одесса-Главная, Итальянский бульвар, Привокзальная пл., 
ул. Пантелеймоновская, 
ул. Б.Хмельницкого, ул. Степовая, 
ул. Мельницкая, Ивановский путепровод, ул. Ак. Гаркавого, Ивановский путепровод, ул. Мельницкая, ул. В.Стуса, 
 ул. Строганова, ул. Фабричная","07:00-18:00","1 (1)","10(10)","15,7 км","40 мин"
81,"30А","мт мк","Дальние Мельницы  - Херсонский сквер ","ул. Фабричная, ул. Радужная, 
ул. Аккордная, ул. Строганова, 
ул. В. Стуса, ул. Дальницкая, 
ул. Балковская, Херсонский сквер","Херсонский сквер, ул. Черноморсокго казачества, ул. Церковная, ул. Атамана Головатого, ул. Балковская, ул. Дальницкая, ул. В.Стуса, ул. Строганова, ул. Фабричная","06:30-20:30","1(1)","10(10)","14,9 км","45 мин"
